{
    "black": [
        0.0,
        0.0,
        0.0
    ],
    "darkred": [
        0.6,
        0.0,
        0.0
    ],
    "lightpink": [
        0.9019608,
        0.72156864,
        0.6862745
    ],
    "lightcoral": [
        0.8666667,
        0.49411765,
        0.41960785
    ],
    "firebrick": [
        0.6509804,
        0.10980392,
        0.0
    ],
    "maroon": [
        0.29803923,
        0.06666667,
        0.1882353
    ],
    "darkslategray": [
        0.047058824,
        0.20392157,
        0.23921569
    ],
    "red": [
        0.8,
        0.0,
        0.0
    ],
    "pink": [
        0.95686275,
        0.8,
        0.8
    ],
    "darksalmon": [
        0.91764706,
        0.6,
        0.6
    ],
    "indianred": [
        0.6509804,
        0.3019608,
        0.4745098
    ],
    "dimgray": [
        0.4,
        0.4,
        0.4
    ],
    "orange": [
        1.0,
        0.6,
        0.0
    ],
    "blanchedalmond": [
        1.0,
        0.9490196,
        0.8
    ],
    "navajowhite": [
        0.9764706,
        0.79607844,
        0.6117647
    ],
    "sandybrown": [
        0.9647059,
        0.69803923,
        0.41960785
    ],
    "peru": [
        0.9019608,
        0.5686275,
        0.21960784
    ],
    "darkgoldenrod": [
        0.7490196,
        0.5647059,
        0.0
    ],
    "saddlebrown": [
        0.47058824,
        0.24705882,
        0.015686275
    ],
    "darkgray": [
        0.6,
        0.6,
        0.6
    ],
    "yellow": [
        1.0,
        1.0,
        0.0
    ],
    "khaki": [
        1.0,
        0.8509804,
        0.4
    ],
    "goldenrod": [
        0.94509804,
        0.7607843,
        0.19607843
    ],
    "olive": [
        0.49803922,
        0.3764706,
        0.0
    ],
    "silver": [
        0.7137255,
        0.84313726,
        0.65882355
    ],
    "lime": [
        0.0,
        1.0,
        0.0
    ],
    "gainsboro": [
        0.91764706,
        0.81960785,
        0.8627451
    ],
    "darkseagreen": [
        0.5764706,
        0.76862746,
        0.49019608
    ],
    "olivedrab": [
        0.41568628,
        0.65882355,
        0.30980393
    ],
    "forestgreen": [
        0.21960784,
        0.4627451,
        0.11372549
    ],
    "darkgreen": [
        0.15294118,
        0.30588236,
        0.07450981
    ],
    "lightgray": [
        0.8,
        0.8,
        0.8
    ],
    "cyan": [
        0.0,
        1.0,
        1.0
    ],
    "lightsteelblue": [
        0.7058824,
        0.654902,
        0.8392157
    ],
    "cadetblue": [
        0.4627451,
        0.64705884,
        0.6862745
    ],
    "steelblue": [
        0.23921569,
        0.52156866,
        0.7764706
    ],
    "cornflowerblue": [
        0.43529412,
        0.65882355,
        0.8627451
    ],
    "powderblue": [
        0.7882353,
        0.85490197,
        0.972549
    ],
    "royalblue": [
        0.06666667,
        0.33333334,
        0.8
    ],
    "darkslateblue": [
        0.10980392,
        0.27058825,
        0.5294118
    ],
    "whitesmoke": [
        0.9529412,
        0.9529412,
        0.9529412
    ],
    "blue": [
        0.0,
        0.0,
        1.0
    ],
    "lavender": [
        0.8117647,
        0.8862745,
        0.9529412
    ],
    "teal": [
        0.043137256,
        0.3254902,
        0.5803922
    ],
    "darkviolet": [
        0.6,
        0.0,
        1.0
    ],
    "mediumpurple": [
        0.5568628,
        0.4862745,
        0.7647059
    ],
    "slateblue": [
        0.40392157,
        0.30588236,
        0.654902
    ],
    "midnightblue": [
        0.1254902,
        0.07058824,
        0.3019608
    ],
    "white": [
        1.0,
        1.0,
        1.0
    ],
    "magenta": [
        1.0,
        0.0,
        1.0
    ],
    "plum": [
        0.8352941,
        0.6509804,
        0.7411765
    ],
    "rosybrown": [
        0.7607843,
        0.48235294,
        0.627451
    ],
    "brown": [
        0.45490196,
        0.105882354,
        0.2784314
    ]
}